{
    "profiles": [
        {
            "name": "yay",
            "accel_points_1": [
                [
                    0.0,
                    0.0
                ],
                [
                    0.0,
                    150.0
                ],
                [
                    2000.0,
                    0.0
                ],
                [
                    2250.0,
                    900.0
                ]
            ],
            "decel_points_1": [
                [
                    2750.0,
                    900.0
                ],
                [
                    3000.0,
                    0.0
                ],
                [
                    5000.0,
                    150.0
                ],
                [
                    5000.0,
                    0.0
                ]
            ],
            "accel_points_2": [
                [
                    0.0,
                    90.0
                ],
                [
                    625.0,
                    0.0
                ],
                [
                    1250.0,
                    0.0
                ],
                [
                    2250.0,
                    0.0
                ]
            ],
            "decel_points_2": [
                [
                    2750.0,
                    0.0
                ],
                [
                    3750.0,
                    0.0
                ],
                [
                    4166.666666666667,
                    0.0
                ],
                [
                    5000.0,
                    90.0
                ]
            ]
        },
        {
            "name": "This one",
            "accel_points_1": [
                [
                    0.0,
                    0.0
                ],
                [
                    0.0,
                    1.6666666666666665
                ],
                [
                    4000.0,
                    0.0
                ],
                [
                    4500.0,
                    10.0
                ]
            ],
            "decel_points_1": [
                [
                    5500.0,
                    10.0
                ],
                [
                    6000.0,
                    0.0
                ],
                [
                    10000.0,
                    1.6666666666666665
                ],
                [
                    10000.0,
                    0.0
                ]
            ],
            "accel_points_2": [
                [
                    0.0,
                    1.0
                ],
                [
                    1250.0,
                    0.0
                ],
                [
                    2500.0,
                    0.0
                ],
                [
                    4500.0,
                    0.0
                ]
            ],
            "decel_points_2": [
                [
                    5500.0,
                    0.0
                ],
                [
                    7500.0,
                    0.0
                ],
                [
                    8333.333333333334,
                    0.0
                ],
                [
                    10000.0,
                    1.0
                ]
            ]
        }
    ]
}