{
    "Bezier 1": {
        "accel_points_1": [
            [
                0.0,
                0.0
            ],
            [
                0.0,
                150.0
            ],
            [
                2000.0,
                0.0
            ],
            [
                2250.0,
                900.0
            ]
        ],
        "decel_points_1": [
            [
                2750.0,
                900.0
            ],
            [
                3000.0,
                0.0
            ],
            [
                5000.0,
                150.0
            ],
            [
                5000.0,
                0.0
            ]
        ],
        "accel_points_2": [
            [
                0.0,
                90.0
            ],
            [
                625.0,
                0.0
            ],
            [
                1250.0,
                0.0
            ],
            [
                2250.0,
                0.0
            ]
        ],
        "decel_points_2": [
            [
                2750.0,
                0.0
            ],
            [
                3750.0,
                0.0
            ],
            [
                4166.666666666667,
                0.0
            ],
            [
                5000.0,
                90.0
            ]
        ]
    },
    "Profile 2": {
        "accel_points_1": [
            [
                0.0,
                0.0
            ],
            [
                120.23809523809524,
                26.25
            ],
            [
                310.7142857142857,
                69.58333333333334
            ],
            [
                450.0,
                100.0
            ]
        ],
        "decel_points_1": [
            [
                550.0,
                100.0
            ],
            [
                651.1904761904761,
                77.5
            ],
            [
                848.8095238095239,
                30.416666666666668
            ],
            [
                1000.0,
                0.0
            ]
        ],
        "accel_points_2": [
            [
                1.1904761904761905,
                62.083333333333336
            ],
            [
                132.14285714285714,
                40.0
            ],
            [
                250.0,
                0.0
            ],
            [
                450.0,
                0.0
            ]
        ],
        "decel_points_2": [
            [
                550.0,
                0.0
            ],
            [
                750.0,
                0.0
            ],
            [
                880.952380952381,
                45.41666666666667
            ],
            [
                1000.0,
                70.41666666666667
            ]
        ]
    }
}